﻿ec5_uuid,created_at,uploaded_at,title,lat_1_Where_is_this_poth,long_1_Where_is_this_poth,accuracy_1_Where_is_this_poth,UTM_Northing_1_Where_is_this_poth,UTM_Easting_1_Where_is_this_poth,UTM_Zone_1_Where_is_this_poth,2_Please_take_a_phot,3_Tutorial_GroupSmal
d51adcbf-f9e7-423a-be68-42dcc296bb88,2021-03-05T17:19:29.445Z,2021-03-05T17:20:02.000Z,d51adcbf-f9e7-423a-be68-42dcc296bb88,51.573184,-0.120505,32,5717497,699534,30U,https://five.epicollect.net/api/media/igr?type=photo&format=entry_original&name=d51adcbf-f9e7-423a-be68-42dcc296bb88_1614964754.jpg,B5
dd70709c-e16d-493a-8332-aa5386e36285,2021-03-05T13:55:12.821Z,2021-03-05T13:57:13.000Z,dd70709c-e16d-493a-8332-aa5386e36285,51.426041,-2.522599,4687,5697312,533191,30U,https://five.epicollect.net/api/media/igr?type=photo&format=entry_original&name=dd70709c-e16d-493a-8332-aa5386e36285_1614952503.jpg,A11
cfa85277-5299-4014-9c6a-3c898e6325ae,2021-03-05T13:54:45.932Z,2021-03-05T13:57:11.000Z,cfa85277-5299-4014-9c6a-3c898e6325ae,51.426041,-2.522599,4687,5697312,533191,30U,https://five.epicollect.net/api/media/igr?type=photo&format=entry_original&name=cfa85277-5299-4014-9c6a-3c898e6325ae_1614952477.jpg,A11
8b55b72a-1cf2-4e5d-9d8c-dbe348d7ca24,2021-03-05T13:54:19.683Z,2021-03-05T13:57:09.000Z,8b55b72a-1cf2-4e5d-9d8c-dbe348d7ca24,51.426041,-2.522599,4687,5697312,533191,30U,https://five.epicollect.net/api/media/igr?type=photo&format=entry_original&name=8b55b72a-1cf2-4e5d-9d8c-dbe348d7ca24_1614952453.jpg,A11
62912733-ce30-4394-95e1-cec86099c19d,2021-03-05T13:50:46.656Z,2021-03-05T13:57:07.000Z,62912733-ce30-4394-95e1-cec86099c19d,51.426041,-2.522599,4687,5697312,533191,30U,https://five.epicollect.net/api/media/igr?type=photo&format=entry_original&name=62912733-ce30-4394-95e1-cec86099c19d_1614952237.jpg,A11
92efadf5-0ca0-4dc1-b345-e83a453282d0,2021-03-05T10:03:04.406Z,2021-03-05T10:05:29.000Z,92efadf5-0ca0-4dc1-b345-e83a453282d0,51.245888,-2.232712,4,5677448,553554,30U,https://five.epicollect.net/api/media/igr?type=photo&format=entry_original&name=92efadf5-0ca0-4dc1-b345-e83a453282d0_1614938573.jpg,B7
f656af76-3ef5-4ba5-a654-b0a4af36a650,2021-03-05T10:02:24.561Z,2021-03-05T10:05:27.000Z,f656af76-3ef5-4ba5-a654-b0a4af36a650,51.246091,-2.232721,4,5677471,553554,30U,https://five.epicollect.net/api/media/igr?type=photo&format=entry_original&name=f656af76-3ef5-4ba5-a654-b0a4af36a650_1614938536.jpg,B7
3c0ed52a-54cb-4a52-81b9-da4ae7ed03a8,2021-03-05T10:01:51.398Z,2021-03-05T10:05:25.000Z,3c0ed52a-54cb-4a52-81b9-da4ae7ed03a8,51.246295,-2.232781,4,5677494,553549,30U,https://five.epicollect.net/api/media/igr?type=photo&format=entry_original&name=3c0ed52a-54cb-4a52-81b9-da4ae7ed03a8_1614938501.jpg,B7
459a8379-cb76-48c8-9b4f-201a1f0fc375,2021-03-05T10:01:18.082Z,2021-03-05T10:05:23.000Z,459a8379-cb76-48c8-9b4f-201a1f0fc375,51.246424,-2.232808,4,5677508,553547,30U,https://five.epicollect.net/api/media/igr?type=photo&format=entry_original&name=459a8379-cb76-48c8-9b4f-201a1f0fc375_1614938469.jpg,B7
ea784d2e-bc11-474a-a463-6321e591c838,2021-03-05T10:00:18.000Z,2021-03-05T10:05:21.000Z,ea784d2e-bc11-474a-a463-6321e591c838,51.246446,-2.232797,4,5677510,553548,30U,https://five.epicollect.net/api/media/igr?type=photo&format=entry_original&name=ea784d2e-bc11-474a-a463-6321e591c838_1614938359.jpg,B7
9b8dfe80-7d97-11eb-ae18-3dfc6d8ccd5b,2021-03-05T09:46:06.824Z,2021-03-05T09:47:01.000Z,9b8dfe80-7d97-11eb-ae18-3dfc6d8ccd5b,50.350759,-4.12037,4,5578230,420292,30U,https://five.epicollect.net/api/media/igr?type=photo&format=entry_original&name=9b8dfe80-7d97-11eb-ae18-3dfc6d8ccd5b_1614937614.jpg,B1
b7fb5df7-0111-4557-ae54-ac6c0f9429ed,2021-03-05T09:45:41.212Z,2021-03-05T10:00:26.000Z,b7fb5df7-0111-4557-ae54-ac6c0f9429ed,54.777955,-1.564067,48,6071028,592357,30U,https://five.epicollect.net/api/media/igr?type=photo&format=entry_original&name=b7fb5df7-0111-4557-ae54-ac6c0f9429ed_1614937528.jpg,B2
73388630-7d97-11eb-ae18-3dfc6d8ccd5b,2021-03-05T09:44:59.155Z,2021-03-05T09:46:03.000Z,73388630-7d97-11eb-ae18-3dfc6d8ccd5b,50.351835,-4.120541,4,5578350,420282,30U,https://five.epicollect.net/api/media/igr?type=photo&format=entry_original&name=73388630-7d97-11eb-ae18-3dfc6d8ccd5b_1614937555.jpg,B1
63d3d4df-ea4d-458c-9060-8873c59ed4eb,2021-03-05T09:44:18.303Z,2021-03-05T10:10:44.000Z,63d3d4df-ea4d-458c-9060-8873c59ed4eb,54.778388,-1.554638,5,6071089,592963,30U,https://five.epicollect.net/api/media/igr?type=photo&format=entry_original&name=63d3d4df-ea4d-458c-9060-8873c59ed4eb_1614937451.jpg,B7
50fc0740-7d97-11eb-ae18-3dfc6d8ccd5b,2021-03-05T09:44:01.716Z,2021-03-05T09:44:55.000Z,50fc0740-7d97-11eb-ae18-3dfc6d8ccd5b,50.342994,-4.089723,4,5577335,422460,30U,https://five.epicollect.net/api/media/igr?type=photo&format=entry_original&name=50fc0740-7d97-11eb-ae18-3dfc6d8ccd5b_1614937484.jpg,B1
e6ef4d8c-2dc2-45ba-9161-1c64ed27b1ed,2021-03-05T09:43:28.370Z,2021-03-05T09:43:47.000Z,e6ef4d8c-2dc2-45ba-9161-1c64ed27b1ed,54.775094,-1.574562,5,6070696,591689,30U,https://five.epicollect.net/api/media/igr?type=photo&format=entry_original&name=e6ef4d8c-2dc2-45ba-9161-1c64ed27b1ed_1614937401.jpg,B1
b61d105b-5a96-4070-8147-e242dfe370ac,2021-03-05T09:43:16.383Z,2021-03-05T10:00:28.000Z,b61d105b-5a96-4070-8147-e242dfe370ac,54.778475,-1.561885,24,6071089,592497,30U,https://five.epicollect.net/api/media/igr?type=photo&format=entry_original&name=b61d105b-5a96-4070-8147-e242dfe370ac_1614937356.jpg,B2
a406c786-e12c-4b3a-855e-5081cd71e6a3,2021-03-05T09:43:11.006Z,2021-03-05T09:43:46.000Z,a406c786-e12c-4b3a-855e-5081cd71e6a3,54.775214,-1.574643,5,6070709,591683,30U,https://five.epicollect.net/api/media/igr?type=photo&format=entry_original&name=a406c786-e12c-4b3a-855e-5081cd71e6a3_1614937381.jpg,B1
24584370-7d97-11eb-ae18-3dfc6d8ccd5b,2021-03-05T09:42:46.823Z,2021-03-05T09:43:58.000Z,24584370-7d97-11eb-ae18-3dfc6d8ccd5b,50.343293,-4.093981,4,5577372,422158,30U,https://five.epicollect.net/api/media/igr?type=photo&format=entry_original&name=24584370-7d97-11eb-ae18-3dfc6d8ccd5b_1614937431.jpg,B1
071803f0-453b-4998-b196-3bcc79358c91,2021-03-05T09:42:39.511Z,2021-03-05T09:43:44.000Z,071803f0-453b-4998-b196-3bcc79358c91,54.775291,-1.574631,5,6070718,591684,30U,https://five.epicollect.net/api/media/igr?type=photo&format=entry_original&name=071803f0-453b-4998-b196-3bcc79358c91_1614937351.jpg,B1
147f565c-057a-4961-a0a7-47d98d8a00b6,2021-03-05T09:42:32.713Z,2021-03-05T10:10:42.000Z,147f565c-057a-4961-a0a7-47d98d8a00b6,54.77877,-1.555287,30,6071130,592920,30U,https://five.epicollect.net/api/media/igr?type=photo&format=entry_original&name=147f565c-057a-4961-a0a7-47d98d8a00b6_1614937343.jpg,B7
63a3ee82-6440-4227-ad5b-d317b77bae85,2021-03-05T09:42:09.431Z,2021-03-05T09:43:42.000Z,63a3ee82-6440-4227-ad5b-d317b77bae85,54.775639,-1.574675,17,6070756,591680,30U,https://five.epicollect.net/api/media/igr?type=photo&format=entry_original&name=63a3ee82-6440-4227-ad5b-d317b77bae85_1614937318.jpg,B1
9453470a-00c7-4b58-bc99-89125cea3c19,2021-03-05T09:41:27.190Z,2021-03-05T10:10:40.000Z,9453470a-00c7-4b58-bc99-89125cea3c19,54.779003,-1.556204,10,6071155,592861,30U,https://five.epicollect.net/api/media/igr?type=photo&format=entry_original&name=9453470a-00c7-4b58-bc99-89125cea3c19_1614937281.jpg,B7
7ecd0af3-5e46-4345-bb68-883afb105618,2021-03-05T09:41:26.406Z,2021-03-05T10:00:30.000Z,7ecd0af3-5e46-4345-bb68-883afb105618,54.778747,-1.560086,24,6071121,592612,30U,https://five.epicollect.net/api/media/igr?type=photo&format=entry_original&name=7ecd0af3-5e46-4345-bb68-883afb105618_1614937276.jpg,B2
705b970f-6385-4680-9fc3-3ee4d2db1180,2021-03-05T09:41:08.659Z,2021-03-05T09:43:40.000Z,705b970f-6385-4680-9fc3-3ee4d2db1180,54.775943,-1.575125,36,6070790,591651,30U,https://five.epicollect.net/api/media/igr?type=photo&format=entry_original&name=705b970f-6385-4680-9fc3-3ee4d2db1180_1614937251.jpg,B1
da7cd588-712b-4a4c-9df8-a8ab4936d75c,2021-03-05T09:40:10.682Z,2021-03-05T10:00:32.000Z,da7cd588-712b-4a4c-9df8-a8ab4936d75c,54.77867,-1.560014,65,6071113,592616,30U,https://five.epicollect.net/api/media/igr?type=photo&format=entry_original&name=da7cd588-712b-4a4c-9df8-a8ab4936d75c_1614937145.jpg,B2
4ef9eb20-7d96-11eb-ae18-3dfc6d8ccd5b,2021-03-05T09:36:48.850Z,2021-03-05T09:42:43.000Z,4ef9eb20-7d96-11eb-ae18-3dfc6d8ccd5b,50.343561,-4.09364,4,5577402,422182,30U,https://five.epicollect.net/api/media/igr?type=photo&format=entry_original&name=4ef9eb20-7d96-11eb-ae18-3dfc6d8ccd5b_1614937343.jpg,B1
d4473760-e882-43b1-b84a-0a9868e30f13,2021-03-05T09:35:56.832Z,2021-03-05T10:00:33.000Z,d4473760-e882-43b1-b84a-0a9868e30f13,54.778516,-1.563763,65,6071091,592376,30U,https://five.epicollect.net/api/media/igr?type=photo&format=entry_original&name=d4473760-e882-43b1-b84a-0a9868e30f13_1614936932.jpg,B2
1e6cce50-a8b8-45ec-a145-24d7db0afabf,2021-03-05T09:33:53.312Z,2021-03-05T10:10:39.000Z,1e6cce50-a8b8-45ec-a145-24d7db0afabf,54.778064,-1.561975,25,6071043,592492,30U,https://five.epicollect.net/api/media/igr?type=photo&format=entry_original&name=1e6cce50-a8b8-45ec-a145-24d7db0afabf_1614936817.jpg,B7
9b0e5256-564c-40ab-a4fd-8d162319f433,2021-03-05T09:29:34.921Z,2021-03-05T10:10:37.000Z,9b0e5256-564c-40ab-a4fd-8d162319f433,54.777559,-1.56289,10,6070985,592434,30U,https://five.epicollect.net/api/media/igr?type=photo&format=entry_original&name=9b0e5256-564c-40ab-a4fd-8d162319f433_1614936560.jpg,B7
e898c299-75d5-4677-b421-c6628b661050,2021-03-05T09:16:04.679Z,2021-03-05T09:17:39.000Z,e898c299-75d5-4677-b421-c6628b661050,51.196662,0.214724,14,5675382,305402,31U,https://five.epicollect.net/api/media/igr?type=photo&format=entry_original&name=e898c299-75d5-4677-b421-c6628b661050_1614935754.jpg,B8
eb17177a-767d-4de7-8fa1-bac883a97302,2021-03-05T09:15:22.617Z,2021-03-05T09:17:37.000Z,eb17177a-767d-4de7-8fa1-bac883a97302,51.196384,0.213941,5,5675353,305346,31U,https://five.epicollect.net/api/media/igr?type=photo&format=entry_original&name=eb17177a-767d-4de7-8fa1-bac883a97302_1614935701.jpg,B8
e6592aef-d2d9-47e7-81b4-ccee337f48d3,2021-03-05T09:14:43.755Z,2021-03-05T09:17:35.000Z,e6592aef-d2d9-47e7-81b4-ccee337f48d3,51.196346,0.213871,65,5675349,305341,31U,https://five.epicollect.net/api/media/igr?type=photo&format=entry_original&name=e6592aef-d2d9-47e7-81b4-ccee337f48d3_1614935673.jpg,B8
d50396eb-e299-4f50-91be-2823502d3a05,2021-03-04T22:51:01.866Z,2021-03-04T22:53:21.000Z,d50396eb-e299-4f50-91be-2823502d3a05,52.186302,0.155725,16,5785573,305570,31U,https://five.epicollect.net/api/media/igr?type=photo&format=entry_original&name=d50396eb-e299-4f50-91be-2823502d3a05_1614898253.jpg,B9
7ff1af48-7c77-4d90-b004-c55b2fa5cb81,2021-03-04T22:49:48.001Z,2021-03-04T22:53:19.000Z,7ff1af48-7c77-4d90-b004-c55b2fa5cb81,52.186865,0.153551,8,5785641,305424,31U,https://five.epicollect.net/api/media/igr?type=photo&format=entry_original&name=7ff1af48-7c77-4d90-b004-c55b2fa5cb81_1614898182.jpg,B9
c974b829-74c6-4313-a572-87e9f7346254,2021-03-04T22:48:09.578Z,2021-03-04T22:53:17.000Z,c974b829-74c6-4313-a572-87e9f7346254,52.186205,0.156117,4,5785561,305596,31U,https://five.epicollect.net/api/media/igr?type=photo&format=entry_original&name=c974b829-74c6-4313-a572-87e9f7346254_1614898081.jpg,B9
5e6c439d-6513-408f-893b-d09d9bb2ad8d,2021-03-04T22:47:24.918Z,2021-03-04T22:53:15.000Z,5e6c439d-6513-408f-893b-d09d9bb2ad8d,52.186376,0.156869,56,5785578,305648,31U,https://five.epicollect.net/api/media/igr?type=photo&format=entry_original&name=5e6c439d-6513-408f-893b-d09d9bb2ad8d_1614898036.jpg,B9
75439cab-5a76-4318-9eb8-91b724668f56,2021-03-04T22:46:15.115Z,2021-03-04T22:53:13.000Z,75439cab-5a76-4318-9eb8-91b724668f56,52.185314,0.156599,9,5785461,305625,31U,https://five.epicollect.net/api/media/igr?type=photo&format=entry_original&name=75439cab-5a76-4318-9eb8-91b724668f56_1614897963.jpg,B9
eae99912-64c9-47bd-9f95-58846b75b35e,2021-03-04T17:43:10.865Z,2021-03-04T17:45:35.000Z,eae99912-64c9-47bd-9f95-58846b75b35e,51.566774,-0.150856,8,5716702,697459,30U,https://five.epicollect.net/api/media/igr?type=photo&format=entry_original&name=eae99912-64c9-47bd-9f95-58846b75b35e_1614879783.jpg,B7
16e105b9-9910-4434-8ce9-3bac5fd836f4,2021-03-04T17:35:33.358Z,2021-03-04T17:45:34.000Z,16e105b9-9910-4434-8ce9-3bac5fd836f4,51.566589,-0.150604,18,5716682,697477,30U,https://five.epicollect.net/api/media/igr?type=photo&format=entry_original&name=16e105b9-9910-4434-8ce9-3bac5fd836f4_1614879327.jpg,B7
8251b2e7-66f8-4635-962d-d326f7fb7ae1,2021-03-04T17:34:42.693Z,2021-03-04T17:34:54.000Z,8251b2e7-66f8-4635-962d-d326f7fb7ae1,51.116985,0.558527,13,5665668,329124,31U,https://five.epicollect.net/api/media/igr?type=photo&format=entry_original&name=8251b2e7-66f8-4635-962d-d326f7fb7ae1_1614879275.jpg,A1
f09dc4b9-569d-472f-a573-c400caba9113,2021-03-04T17:34:21.704Z,2021-03-04T17:45:32.000Z,f09dc4b9-569d-472f-a573-c400caba9113,51.566723,-0.150712,28,5716697,697469,30U,https://five.epicollect.net/api/media/igr?type=photo&format=entry_original&name=f09dc4b9-569d-472f-a573-c400caba9113_1614879255.jpg,B7
d65bcbf2-2d1c-4347-b910-8fff7f5698e6,2021-03-04T17:34:02.306Z,2021-03-04T17:34:52.000Z,d65bcbf2-2d1c-4347-b910-8fff7f5698e6,51.117032,0.558247,32,5665674,329105,31U,https://five.epicollect.net/api/media/igr?type=photo&format=entry_original&name=d65bcbf2-2d1c-4347-b910-8fff7f5698e6_1614879230.jpg,A1
7e94c8c6-2390-47f2-bcf9-f0507b3c09fb,2021-03-04T17:33:20.149Z,2021-03-04T17:45:30.000Z,7e94c8c6-2390-47f2-bcf9-f0507b3c09fb,51.56743,-0.151205,5,5716774,697432,30U,https://five.epicollect.net/api/media/igr?type=photo&format=entry_original&name=7e94c8c6-2390-47f2-bcf9-f0507b3c09fb_1614879182.jpg,B7
855cc998-6b6f-4dcf-8be9-87acb383e11e,2021-03-04T17:32:32.008Z,2021-03-04T17:45:28.000Z,855cc998-6b6f-4dcf-8be9-87acb383e11e,51.567513,-0.15128,5,5716783,697426,30U,https://five.epicollect.net/api/media/igr?type=photo&format=entry_original&name=855cc998-6b6f-4dcf-8be9-87acb383e11e_1614879144.jpg,B7
8a9c91ca-2320-4985-97f1-194d1f5c2c33,2021-03-04T17:32:13.964Z,2021-03-04T17:34:51.000Z,8a9c91ca-2320-4985-97f1-194d1f5c2c33,51.117145,0.55598,18,5665692,328947,31U,https://five.epicollect.net/api/media/igr?type=photo&format=entry_original&name=8a9c91ca-2320-4985-97f1-194d1f5c2c33_1614879107.jpg,A1
5aadaa1e-c093-40e3-8cf1-6e8627c9d195,2021-03-04T17:25:17.490Z,2021-03-04T17:34:49.000Z,5aadaa1e-c093-40e3-8cf1-6e8627c9d195,51.119858,0.551538,16,5666004,328646,31U,https://five.epicollect.net/api/media/igr?type=photo&format=entry_original&name=5aadaa1e-c093-40e3-8cf1-6e8627c9d195_1614878706.jpg,A1
27ec3f8f-d82d-497f-bcc5-68e6a09ae472,2021-03-04T17:16:32.564Z,2021-03-04T17:33:22.000Z,27ec3f8f-d82d-497f-bcc5-68e6a09ae472,52.907692,-1.548163,5,5862988,597638,30U,https://five.epicollect.net/api/media/igr?type=photo&format=entry_original&name=27ec3f8f-d82d-497f-bcc5-68e6a09ae472_1614878184.jpg,B1
97866e91-d131-4005-aba6-bfc97d3a95d3,2021-03-04T17:15:06.728Z,2021-03-04T17:33:20.000Z,97866e91-d131-4005-aba6-bfc97d3a95d3,52.907963,-1.547217,5,5863020,597701,30U,https://five.epicollect.net/api/media/igr?type=photo&format=entry_original&name=97866e91-d131-4005-aba6-bfc97d3a95d3_1614878099.jpg,B1
b637b0dd-a0d5-4d44-b67f-8e51fa08849e,2021-03-04T17:12:45.347Z,2021-03-04T17:33:18.000Z,b637b0dd-a0d5-4d44-b67f-8e51fa08849e,52.907253,-1.546634,5,5862942,597741,30U,https://five.epicollect.net/api/media/igr?type=photo&format=entry_original&name=b637b0dd-a0d5-4d44-b67f-8e51fa08849e_1614877952.jpg,B1
f5ded36f-8fc3-44c4-929a-e3282805f3b5,2021-03-04T17:12:04.358Z,2021-03-04T17:33:16.000Z,f5ded36f-8fc3-44c4-929a-e3282805f3b5,52.907294,-1.546581,5,5862946,597745,30U,https://five.epicollect.net/api/media/igr?type=photo&format=entry_original&name=f5ded36f-8fc3-44c4-929a-e3282805f3b5_1614877913.jpg,B1
7aa3c6d7-6c2f-4466-86f2-3d55f7c1e2d9,2021-03-04T17:10:31.125Z,2021-03-04T17:10:41.000Z,7aa3c6d7-6c2f-4466-86f2-3d55f7c1e2d9,54.772046,-1.579985,63,6070350,591347,30U,https://five.epicollect.net/api/media/igr?type=photo&format=entry_original&name=7aa3c6d7-6c2f-4466-86f2-3d55f7c1e2d9_1614877825.jpg,A3
f6d651b4-7ef1-4abb-aabc-e064af169e74,2021-03-04T17:09:52.053Z,2021-03-04T17:10:39.000Z,f6d651b4-7ef1-4abb-aabc-e064af169e74,54.771198,-1.578535,8,6070257,591442,30U,https://five.epicollect.net/api/media/igr?type=photo&format=entry_original&name=f6d651b4-7ef1-4abb-aabc-e064af169e74_1614877786.jpg,A3
56fcecad-3afb-49b3-993f-2bc447e6ea17,2021-03-04T17:07:30.183Z,2021-03-04T17:10:37.000Z,56fcecad-3afb-49b3-993f-2bc447e6ea17,54.771752,-1.576301,13,6070322,591585,30U,https://five.epicollect.net/api/media/igr?type=photo&format=entry_original&name=56fcecad-3afb-49b3-993f-2bc447e6ea17_1614877644.jpg,A3
f8cfb36c-334a-4c27-ae47-a2cd3485f305,2021-03-04T17:06:02.210Z,2021-03-04T17:06:08.000Z,f8cfb36c-334a-4c27-ae47-a2cd3485f305,52.90649,-1.542268,8,5862863,598037,30U,https://five.epicollect.net/api/media/igr?type=photo&format=entry_original&name=f8cfb36c-334a-4c27-ae47-a2cd3485f305_1614877485.jpg,B1
892c80d4-e848-4ade-8e89-5f11b5820369,2021-03-04T17:05:52.823Z,2021-03-04T17:10:36.000Z,892c80d4-e848-4ade-8e89-5f11b5820369,54.773125,-1.5748,200,6070476,591678,30U,https://five.epicollect.net/api/media/igr?type=photo&format=entry_original&name=892c80d4-e848-4ade-8e89-5f11b5820369_1614877545.jpg,A3
afce9af0-f103-4bad-a006-c1665c4fba73,2021-03-04T17:03:23.662Z,2021-03-04T17:10:34.000Z,afce9af0-f103-4bad-a006-c1665c4fba73,54.773847,-1.574781,65,6070557,591678,30U,https://five.epicollect.net/api/media/igr?type=photo&format=entry_original&name=afce9af0-f103-4bad-a006-c1665c4fba73_1614877397.jpg,A3
eccf3265-960e-410c-8c43-8690ddb6e132,2021-03-04T16:42:14.845Z,2021-03-04T18:03:40.000Z,eccf3265-960e-410c-8c43-8690ddb6e132,54.771651,-1.576127,15,6070311,591596,30U,https://five.epicollect.net/api/media/igr?type=photo&format=entry_original&name=eccf3265-960e-410c-8c43-8690ddb6e132_1614876126.jpg,B1
fe333866-1453-4c81-8d27-4ef21ed42b2e,2021-03-04T16:38:00.104Z,2021-03-04T16:38:04.000Z,fe333866-1453-4c81-8d27-4ef21ed42b2e,54.777216,-1.56364,7,6070946,592387,30U,https://five.epicollect.net/api/media/igr?type=photo&format=entry_original&name=fe333866-1453-4c81-8d27-4ef21ed42b2e_1614875873.jpg,B5
5e42f51c-172e-460a-8c2c-eb55c7be3b7b,2021-03-04T16:36:16.811Z,2021-03-04T16:38:02.000Z,5e42f51c-172e-460a-8c2c-eb55c7be3b7b,54.776812,-1.562159,65,6070903,592483,30U,https://five.epicollect.net/api/media/igr?type=photo&format=entry_original&name=5e42f51c-172e-460a-8c2c-eb55c7be3b7b_1614875771.jpg,B5
9b337275-0e3a-4cc3-91fd-8e0804bf51ea,2021-03-04T16:35:49.490Z,2021-03-04T18:03:38.000Z,9b337275-0e3a-4cc3-91fd-8e0804bf51ea,54.769218,-1.580133,4,6070035,591344,30U,https://five.epicollect.net/api/media/igr?type=photo&format=entry_original&name=9b337275-0e3a-4cc3-91fd-8e0804bf51ea_1614875743.jpg,B1
fbc51860-242d-4972-9698-966fdc50c5a7,2021-03-04T16:35:29.641Z,2021-03-04T18:03:37.000Z,fbc51860-242d-4972-9698-966fdc50c5a7,54.769258,-1.58024,4,6070039,591337,30U,https://five.epicollect.net/api/media/igr?type=photo&format=entry_original&name=fbc51860-242d-4972-9698-966fdc50c5a7_1614875722.jpg,B1
d4b64d97-aeef-41f8-a619-e3364ecdfbe5,2021-03-04T16:34:24.050Z,2021-03-04T18:03:35.000Z,d4b64d97-aeef-41f8-a619-e3364ecdfbe5,54.767802,-1.580467,6,6069877,591325,30U,https://five.epicollect.net/api/media/igr?type=photo&format=entry_original&name=d4b64d97-aeef-41f8-a619-e3364ecdfbe5_1614875656.jpg,B1
34242ba1-a0ae-4dd2-869d-67e928208cdb,2021-03-04T16:31:46.364Z,2021-03-04T18:03:33.000Z,34242ba1-a0ae-4dd2-869d-67e928208cdb,54.766819,-1.580898,6,6069767,591300,30U,https://five.epicollect.net/api/media/igr?type=photo&format=entry_original&name=34242ba1-a0ae-4dd2-869d-67e928208cdb_1614875497.jpg,B1
30ec3e34-f872-4355-977e-823ff0dce3a1,2021-03-04T16:15:14.610Z,2021-03-04T16:19:56.000Z,30ec3e34-f872-4355-977e-823ff0dce3a1,54.762898,-1.580846,65,6069331,591312,30U,https://five.epicollect.net/api/media/igr?type=photo&format=entry_original&name=30ec3e34-f872-4355-977e-823ff0dce3a1_1614874505.jpg,A13
e2585ce4-221a-4add-9126-97e53bd768a3,2021-03-04T16:11:54.969Z,2021-03-04T16:22:25.000Z,e2585ce4-221a-4add-9126-97e53bd768a3,52.167133,0.117278,6,5783545,302857,31U,https://five.epicollect.net/api/media/igr?type=photo&format=entry_original&name=e2585ce4-221a-4add-9126-97e53bd768a3_1614874306.jpg,A13
64193e0f-ef5d-4343-8ddc-50779327c28f,2021-03-04T16:10:32.002Z,2021-03-04T16:22:23.000Z,64193e0f-ef5d-4343-8ddc-50779327c28f,52.167376,0.117594,12,5783572,302880,31U,https://five.epicollect.net/api/media/igr?type=photo&format=entry_original&name=64193e0f-ef5d-4343-8ddc-50779327c28f_1614874223.jpg,A13
130e55dd-6b56-496b-b38a-dc2be825ef64,2021-03-04T16:06:44.645Z,2021-03-04T16:22:22.000Z,130e55dd-6b56-496b-b38a-dc2be825ef64,52.166079,0.115081,16,5783434,302703,31U,https://five.epicollect.net/api/media/igr?type=photo&format=entry_original&name=130e55dd-6b56-496b-b38a-dc2be825ef64_1614873996.jpg,A13
61fc9bf8-e201-46be-bce9-fb160415a1cd,2021-03-04T16:01:25.141Z,2021-03-04T16:22:20.000Z,61fc9bf8-e201-46be-bce9-fb160415a1cd,52.165458,0.109999,32,5783379,302352,31U,https://five.epicollect.net/api/media/igr?type=photo&format=entry_original&name=61fc9bf8-e201-46be-bce9-fb160415a1cd_1614873676.jpg,A13
c49327c4-fb9a-4320-a0eb-54e6aaa9b146,2021-03-04T16:00:34.588Z,2021-03-04T16:22:18.000Z,c49327c4-fb9a-4320-a0eb-54e6aaa9b146,52.165301,0.109912,16,5783362,302346,31U,https://five.epicollect.net/api/media/igr?type=photo&format=entry_original&name=c49327c4-fb9a-4320-a0eb-54e6aaa9b146_1614873626.jpg,A13
14326a80-96c1-48d6-b10a-534c66b91000,2021-03-04T14:46:05.842Z,2021-03-04T14:49:25.000Z,14326a80-96c1-48d6-b10a-534c66b91000,55.605699,-2.729044,19,6162229,517070,30U,https://five.epicollect.net/api/media/igr?type=photo&format=entry_original&name=14326a80-96c1-48d6-b10a-534c66b91000_1614869159.jpg,B7
adbf1875-de56-4925-8730-d09acaaca32d,2021-03-04T14:45:51.937Z,2021-03-04T14:49:27.000Z,adbf1875-de56-4925-8730-d09acaaca32d,55.605658,-2.729037,12,6162225,517071,30U,https://five.epicollect.net/api/media/igr?type=photo&format=entry_original&name=adbf1875-de56-4925-8730-d09acaaca32d_1614869142.jpg,B7
d3e0ebf5-a063-4f64-a51f-0bffd87f9c2d,2021-03-04T14:45:35.308Z,2021-03-04T14:49:29.000Z,d3e0ebf5-a063-4f64-a51f-0bffd87f9c2d,55.605696,-2.729022,65,6162229,517071,30U,https://five.epicollect.net/api/media/igr?type=photo&format=entry_original&name=d3e0ebf5-a063-4f64-a51f-0bffd87f9c2d_1614869128.jpg,B7
61c728d6-7201-4e98-a1c7-127698a37771,2021-03-04T14:45:20.527Z,2021-03-04T14:49:31.000Z,61c728d6-7201-4e98-a1c7-127698a37771,55.605665,-2.729051,16,6162225,517070,30U,https://five.epicollect.net/api/media/igr?type=photo&format=entry_original&name=61c728d6-7201-4e98-a1c7-127698a37771_1614869112.jpg,B7
77011fa4-7f17-4232-8aed-1bf63df6617d,2021-03-04T14:45:05.837Z,2021-03-04T14:51:57.000Z,77011fa4-7f17-4232-8aed-1bf63df6617d,55.605649,-2.729058,13,6162224,517069,30U,https://five.epicollect.net/api/media/igr?type=photo&format=entry_original&name=77011fa4-7f17-4232-8aed-1bf63df6617d_1614869099.jpg,B7
69970498-1888-41ce-af85-48b1b9cbb4f8,2021-03-04T14:35:34.727Z,2021-03-04T14:40:38.000Z,69970498-1888-41ce-af85-48b1b9cbb4f8,53.543283,-2.203669,43,5933004,552768,30U,https://five.epicollect.net/api/media/igr?type=photo&format=entry_original&name=69970498-1888-41ce-af85-48b1b9cbb4f8_1614868527.jpg,A6
5c8afb58-7d52-4209-b59d-a29cadd518ac,2021-03-04T14:32:40.736Z,2021-03-04T14:40:36.000Z,5c8afb58-7d52-4209-b59d-a29cadd518ac,53.543911,-2.200632,35,5933076,552968,30U,https://five.epicollect.net/api/media/igr?type=photo&format=entry_original&name=5c8afb58-7d52-4209-b59d-a29cadd518ac_1614868352.jpg,A6
1f3d6b26-5879-47cd-a742-53263a40af4f,2021-03-04T14:16:34.904Z,2021-03-04T14:40:35.000Z,1f3d6b26-5879-47cd-a742-53263a40af4f,53.545654,-2.191947,65,5933276,553542,30U,https://five.epicollect.net/api/media/igr?type=photo&format=entry_original&name=1f3d6b26-5879-47cd-a742-53263a40af4f_1614867382.jpg,A6
bfc4fff0-d465-425d-ad25-69beefeef826,2021-03-04T14:13:20.530Z,2021-03-04T15:26:00.000Z,bfc4fff0-d465-425d-ad25-69beefeef826,54.763588,-1.577156,79,6069412,591548,30U,https://five.epicollect.net/api/media/igr?type=photo&format=entry_original&name=bfc4fff0-d465-425d-ad25-69beefeef826_1614867186.jpg,9
4fd237ce-45cf-4cf5-a34f-94191376254e,2021-03-04T14:07:02.306Z,2021-03-04T14:07:09.000Z,4fd237ce-45cf-4cf5-a34f-94191376254e,54.523318,-1.535527,6,6042735,594784,30U,https://five.epicollect.net/api/media/igr?type=photo&format=entry_original&name=4fd237ce-45cf-4cf5-a34f-94191376254e_1614866801.jpg,6
d2f2f568-30a4-466e-8d95-29434ef5498f,2021-03-04T14:03:55.841Z,2021-03-04T14:40:33.000Z,d2f2f568-30a4-466e-8d95-29434ef5498f,53.540725,-2.189377,23,5932730,553718,30U,https://five.epicollect.net/api/media/igr?type=photo&format=entry_original&name=d2f2f568-30a4-466e-8d95-29434ef5498f_1614866628.jpg,A6
f6e3934e-86ef-40c7-8cb6-afbad40f6e88,2021-03-04T14:01:08.778Z,2021-03-04T14:40:31.000Z,f6e3934e-86ef-40c7-8cb6-afbad40f6e88,53.540649,-2.192787,22,5932719,553492,30U,https://five.epicollect.net/api/media/igr?type=photo&format=entry_original&name=f6e3934e-86ef-40c7-8cb6-afbad40f6e88_1614866457.jpg,A6
3e318214-28eb-4d2d-9d17-531628dd27f4,2021-03-04T13:58:11.872Z,2021-03-04T14:03:03.000Z,3e318214-28eb-4d2d-9d17-531628dd27f4,52.531384,-0.475038,9,5823138,671265,30U,https://five.epicollect.net/api/media/igr?type=photo&format=entry_original&name=3e318214-28eb-4d2d-9d17-531628dd27f4_1614866281.jpg,A13
88889684-9a22-4b5f-927c-f6d7c10f8d2a,2021-03-04T13:53:14.806Z,2021-03-04T14:03:02.000Z,88889684-9a22-4b5f-927c-f6d7c10f8d2a,52.545571,-0.443762,4,5824791,673330,30U,https://five.epicollect.net/api/media/igr?type=photo&format=entry_original&name=88889684-9a22-4b5f-927c-f6d7c10f8d2a_1614865968.jpg,A13
f7e7e81e-e4de-4f1c-9e6e-e8eb9ce05cbf,2021-03-04T13:52:35.524Z,2021-03-04T14:03:00.000Z,f7e7e81e-e4de-4f1c-9e6e-e8eb9ce05cbf,52.545561,-0.443803,3,5824790,673328,30U,https://five.epicollect.net/api/media/igr?type=photo&format=entry_original&name=f7e7e81e-e4de-4f1c-9e6e-e8eb9ce05cbf_1614865947.jpg,A13
9cd8cf36-9992-4aeb-bacc-e8f078b13f3c,2021-03-04T13:50:29.887Z,2021-03-04T14:02:58.000Z,9cd8cf36-9992-4aeb-bacc-e8f078b13f3c,52.553016,-0.435523,23,5825639,673859,30U,https://five.epicollect.net/api/media/igr?type=photo&format=entry_original&name=9cd8cf36-9992-4aeb-bacc-e8f078b13f3c_1614865808.jpg,A13
e44bc97e-7f91-46cb-8f87-f5a28d2a4c61,2021-03-04T13:48:41.277Z,2021-03-04T13:59:19.000Z,e44bc97e-7f91-46cb-8f87-f5a28d2a4c61,54.768524,-1.579015,15,6069959,591417,30U,https://five.epicollect.net/api/media/igr?type=photo&format=entry_original&name=e44bc97e-7f91-46cb-8f87-f5a28d2a4c61_1614865712.jpg,A12
cacf9562-9af9-4e98-ad44-033318f5999f,2021-03-04T13:48:04.274Z,2021-03-04T13:59:17.000Z,cacf9562-9af9-4e98-ad44-033318f5999f,54.768643,-1.579092,7,6069972,591412,30U,https://five.epicollect.net/api/media/igr?type=photo&format=entry_original&name=cacf9562-9af9-4e98-ad44-033318f5999f_1614865674.jpg,A12
5ce35da2-ece5-4614-b948-cb1dd00ea410,2021-03-04T13:38:48.922Z,2021-03-04T13:45:01.000Z,5ce35da2-ece5-4614-b948-cb1dd00ea410,54.765897,-1.58093,8,6069664,591300,30U,https://five.epicollect.net/api/media/igr?type=photo&format=entry_original&name=5ce35da2-ece5-4614-b948-cb1dd00ea410_1614865112.jpg,B8
e0903720-8fab-42af-a56c-681626d3fbd9,2021-03-04T13:37:40.198Z,2021-03-04T13:37:48.000Z,e0903720-8fab-42af-a56c-681626d3fbd9,54.762621,-1.582004,32,6069298,591238,30U,https://five.epicollect.net/api/media/igr?type=photo&format=entry_original&name=e0903720-8fab-42af-a56c-681626d3fbd9_1614865051.jpg,A10
277cc5cc-532c-467a-a566-cfe78c1cb1e4,2021-03-04T13:37:17.743Z,2021-03-04T13:37:46.000Z,277cc5cc-532c-467a-a566-cfe78c1cb1e4,54.762647,-1.581974,16,6069301,591240,30U,https://five.epicollect.net/api/media/igr?type=photo&format=entry_original&name=277cc5cc-532c-467a-a566-cfe78c1cb1e4_1614865031.jpg,A10
68a34eb1-c257-4922-9ad5-773f96d099fc,2021-03-04T13:36:58.028Z,2021-03-04T13:37:44.000Z,68a34eb1-c257-4922-9ad5-773f96d099fc,54.762724,-1.581661,16,6069310,591260,30U,https://five.epicollect.net/api/media/igr?type=photo&format=entry_original&name=68a34eb1-c257-4922-9ad5-773f96d099fc_1614864996.jpg,A10
1eca6a42-e19a-4a43-bbd9-9996cf7a7a2c,2021-03-04T13:14:19.272Z,2021-03-04T14:02:57.000Z,1eca6a42-e19a-4a43-bbd9-9996cf7a7a2c,52.520733,-0.482456,10,5821936,670803,30U,https://five.epicollect.net/api/media/igr?type=photo&format=entry_original&name=1eca6a42-e19a-4a43-bbd9-9996cf7a7a2c_1614863651.jpg,A13
61f427f9-fb62-4590-bcf6-d8b5ec1f8d0a,2021-03-04T12:44:59.052Z,2021-03-04T12:50:40.000Z,61f427f9-fb62-4590-bcf6-d8b5ec1f8d0a,54.77544,-1.571025,65,6070739,591916,30U,https://five.epicollect.net/api/media/igr?type=photo&format=entry_original&name=61f427f9-fb62-4590-bcf6-d8b5ec1f8d0a_1614861868.jpg,A10
0eb32ad1-ca20-416b-a0cd-fc480551a0e3,2021-03-04T12:42:16.931Z,2021-03-04T12:50:39.000Z,0eb32ad1-ca20-416b-a0cd-fc480551a0e3,54.77406,-1.569911,24,6070587,591990,30U,https://five.epicollect.net/api/media/igr?type=photo&format=entry_original&name=0eb32ad1-ca20-416b-a0cd-fc480551a0e3_1614861725.jpg,A10
25cc2350-536c-4297-8701-9032f8d7b400,2021-03-04T12:38:21.835Z,2021-03-04T12:50:37.000Z,25cc2350-536c-4297-8701-9032f8d7b400,54.771852,-1.571895,6,6070339,591868,30U,https://five.epicollect.net/api/media/igr?type=photo&format=entry_original&name=25cc2350-536c-4297-8701-9032f8d7b400_1614861495.jpg,A10
2b9c9fa1-23b1-4a47-9a91-bd73135d6c68,2021-03-04T12:04:30.346Z,2021-03-04T12:50:35.000Z,2b9c9fa1-23b1-4a47-9a91-bd73135d6c68,54.771311,-1.571863,28,6070278,591871,30U,https://five.epicollect.net/api/media/igr?type=photo&format=entry_original&name=2b9c9fa1-23b1-4a47-9a91-bd73135d6c68_1614859460.jpg,A10
90007264-33f7-40b8-b5f6-d4930b689655,2021-03-04T12:02:08.755Z,2021-03-04T12:50:34.000Z,90007264-33f7-40b8-b5f6-d4930b689655,54.772946,-1.571189,30,6070461,591911,30U,https://five.epicollect.net/api/media/igr?type=photo&format=entry_original&name=90007264-33f7-40b8-b5f6-d4930b689655_1614859317.jpg,A10
fbef4cd1-2c01-47ed-9b39-06d85de74927,2021-03-04T10:25:45.083Z,2021-03-04T10:27:04.000Z,fbef4cd1-2c01-47ed-9b39-06d85de74927,50.733331,-2.669707,5,5620222,523309,30U,https://five.epicollect.net/api/media/igr?type=photo&format=entry_original&name=fbef4cd1-2c01-47ed-9b39-06d85de74927_1614853536.jpg,A3
11e11ceb-671a-4319-bdcf-3718c887ccd8,2021-03-04T10:24:05.563Z,2021-03-04T10:27:02.000Z,11e11ceb-671a-4319-bdcf-3718c887ccd8,50.733373,-2.669832,14,5620227,523300,30U,https://five.epicollect.net/api/media/igr?type=photo&format=entry_original&name=11e11ceb-671a-4319-bdcf-3718c887ccd8_1614853413.jpg,A3
74ce55eb-fdc3-4b3f-b2a3-a890fc9cd637,2021-03-04T09:57:45.730Z,2021-03-04T15:55:03.000Z,74ce55eb-fdc3-4b3f-b2a3-a890fc9cd637,54.777485,-1.563315,11,6070977,592407,30U,https://five.epicollect.net/api/media/igr?type=photo&format=entry_original&name=74ce55eb-fdc3-4b3f-b2a3-a890fc9cd637_1614851857.jpg,B5
4f0ccb03-c59d-4d96-ac94-d4d8023432c4,2021-03-04T09:55:53.751Z,2021-03-04T15:55:01.000Z,4f0ccb03-c59d-4d96-ac94-d4d8023432c4,54.776013,-1.563986,975,6070812,592367,30U,https://five.epicollect.net/api/media/igr?type=photo&format=entry_original&name=4f0ccb03-c59d-4d96-ac94-d4d8023432c4_1614851748.jpg,B5
ae3b2244-85a4-4dbd-a013-d5b8e5aaf78d,2021-03-04T09:54:31.294Z,2021-03-04T15:54:59.000Z,ae3b2244-85a4-4dbd-a013-d5b8e5aaf78d,54.777106,-1.565152,15,6070932,592290,30U,https://five.epicollect.net/api/media/igr?type=photo&format=entry_original&name=ae3b2244-85a4-4dbd-a013-d5b8e5aaf78d_1614851660.jpg,B5
bb892069-7ae0-464a-bc12-d97776d555f3,2021-03-03T23:31:48.736Z,2021-03-04T09:55:46.000Z,bb892069-7ae0-464a-bc12-d97776d555f3,54.768478,-1.578997,5,6069954,591419,30U,https://five.epicollect.net/api/media/igr?type=photo&format=entry_original&name=bb892069-7ae0-464a-bc12-d97776d555f3_1614814300.jpg,A9
296872e4-de5c-46b4-b75d-65e2fd53dd84,2021-03-03T23:31:08.242Z,2021-03-04T00:09:42.000Z,296872e4-de5c-46b4-b75d-65e2fd53dd84,54.768499,-1.579086,65,6069956,591413,30U,https://five.epicollect.net/api/media/igr?type=photo&format=entry_original&name=296872e4-de5c-46b4-b75d-65e2fd53dd84_1614814237.jpg,A9
d3cbe00f-3ab7-4eff-9231-1a892f430c65,2021-03-03T23:28:37.090Z,2021-03-04T09:55:45.000Z,d3cbe00f-3ab7-4eff-9231-1a892f430c65,54.76925,-1.580164,6,6070038,591342,30U,https://five.epicollect.net/api/media/igr?type=photo&format=entry_original&name=d3cbe00f-3ab7-4eff-9231-1a892f430c65_1614814110.jpg,A9
7e6005b8-68db-4757-9190-a35619731b5d,2021-03-03T23:28:15.013Z,2021-03-04T09:55:43.000Z,7e6005b8-68db-4757-9190-a35619731b5d,54.768954,-1.579909,65,6070006,591359,30U,https://five.epicollect.net/api/media/igr?type=photo&format=entry_original&name=7e6005b8-68db-4757-9190-a35619731b5d_1614814088.jpg,A9
89c02c27-3ff9-421f-8f22-da8be46cbab1,2021-03-03T23:27:00.907Z,2021-03-04T09:55:39.000Z,89c02c27-3ff9-421f-8f22-da8be46cbab1,54.768944,-1.579734,5,6070005,591370,30U,https://five.epicollect.net/api/media/igr?type=photo&format=entry_original&name=89c02c27-3ff9-421f-8f22-da8be46cbab1_1614814014.jpg,A9
f16b5299-aab2-4037-91a8-dfcbaa074eec,2021-03-03T23:26:19.734Z,2021-03-04T09:55:41.000Z,f16b5299-aab2-4037-91a8-dfcbaa074eec,54.768819,-1.579853,5,6069991,591363,30U,https://five.epicollect.net/api/media/igr?type=photo&format=entry_original&name=f16b5299-aab2-4037-91a8-dfcbaa074eec_1614813971.jpg,A9
b7dfdc4d-981c-408e-8e4c-5321df530e7b,2021-03-03T23:25:32.088Z,2021-03-04T00:09:30.000Z,b7dfdc4d-981c-408e-8e4c-5321df530e7b,54.768658,-1.579447,27,6069973,591389,30U,https://five.epicollect.net/api/media/igr?type=photo&format=entry_original&name=b7dfdc4d-981c-408e-8e4c-5321df530e7b_1614813919.jpg,A9
90c4f1d8-5b59-4c37-aa99-244f7c109dcc,2021-03-03T23:22:36.266Z,2021-03-04T09:55:38.000Z,90c4f1d8-5b59-4c37-aa99-244f7c109dcc,54.767104,-1.581119,30,6069798,591285,30U,https://five.epicollect.net/api/media/igr?type=photo&format=entry_original&name=90c4f1d8-5b59-4c37-aa99-244f7c109dcc_1614813746.jpg,A9
6a55767c-dd0d-41c9-ae88-86c9f465cb97,2021-03-03T23:16:37.640Z,2021-03-04T00:09:38.000Z,6a55767c-dd0d-41c9-ae88-86c9f465cb97,54.764297,-1.579921,65,6069488,591368,30U,https://five.epicollect.net/api/media/igr?type=photo&format=entry_original&name=6a55767c-dd0d-41c9-ae88-86c9f465cb97_1614813371.jpg,A9
f0627cde-eacc-41f4-b53a-735e1e0f2202,2021-03-03T16:29:07.152Z,2021-03-03T16:40:44.000Z,f0627cde-eacc-41f4-b53a-735e1e0f2202,54.76311,-1.582049,29,6069353,591234,30U,https://five.epicollect.net/api/media/igr?type=photo&format=entry_original&name=f0627cde-eacc-41f4-b53a-735e1e0f2202_1614788938.jpg,A10
2da0e7ca-5bfa-431b-851d-90edb7025b9a,2021-03-03T16:27:28.591Z,2021-03-03T16:40:46.000Z,2da0e7ca-5bfa-431b-851d-90edb7025b9a,54.7636,-1.580621,20,6069409,591325,30U,https://five.epicollect.net/api/media/igr?type=photo&format=entry_original&name=2da0e7ca-5bfa-431b-851d-90edb7025b9a_1614788840.jpg,A10
61f0e0aa-6c8e-41c5-bf3a-b275395fa2b4,2021-03-03T16:24:49.170Z,2021-03-03T16:40:48.000Z,61f0e0aa-6c8e-41c5-bf3a-b275395fa2b4,54.763883,-1.580005,12,6069441,591364,30U,https://five.epicollect.net/api/media/igr?type=photo&format=entry_original&name=61f0e0aa-6c8e-41c5-bf3a-b275395fa2b4_1614788677.jpg,A10
cac89a6f-a058-4dce-8bd6-151e904abc1f,2021-03-03T15:33:50.870Z,2021-03-03T15:45:48.000Z,cac89a6f-a058-4dce-8bd6-151e904abc1f,51.525511,-3.218385,6,5708288,484849,30U,https://five.epicollect.net/api/media/igr?type=photo&format=entry_original&name=cac89a6f-a058-4dce-8bd6-151e904abc1f_1614785625.jpg,B4
9f806a99-2c01-44d0-a864-c48133775b80,2021-03-03T15:33:26.849Z,2021-03-03T15:45:46.000Z,9f806a99-2c01-44d0-a864-c48133775b80,51.525533,-3.218406,65,5708291,484848,30U,https://five.epicollect.net/api/media/igr?type=photo&format=entry_original&name=9f806a99-2c01-44d0-a864-c48133775b80_1614785599.jpg,B4
0b88100c-5730-469e-b9b6-9a6b0df39362,2021-03-03T15:31:34.818Z,2021-03-03T15:45:45.000Z,0b88100c-5730-469e-b9b6-9a6b0df39362,51.526443,-3.217396,27,5708392,484918,30U,https://five.epicollect.net/api/media/igr?type=photo&format=entry_original&name=0b88100c-5730-469e-b9b6-9a6b0df39362_1614785484.jpg,B4
f4042861-5561-4fb5-a08b-01882fbd3a5f,2021-03-03T15:23:11.708Z,2021-03-03T15:45:43.000Z,f4042861-5561-4fb5-a08b-01882fbd3a5f,51.529867,-3.209111,65,5708771,485494,30U,https://five.epicollect.net/api/media/igr?type=photo&format=entry_original&name=f4042861-5561-4fb5-a08b-01882fbd3a5f_1614784982.jpg,B4
4382ca91-766b-43ad-ae45-d1829f80ee1a,2021-03-03T15:22:19.461Z,2021-03-03T15:45:41.000Z,4382ca91-766b-43ad-ae45-d1829f80ee1a,51.529265,-3.209118,16,5708704,485493,30U,https://five.epicollect.net/api/media/igr?type=photo&format=entry_original&name=4382ca91-766b-43ad-ae45-d1829f80ee1a_1614784931.jpg,B4
3d5b1163-71d3-44f9-aeb7-e9c43922e460,2021-03-03T15:21:14.330Z,2021-03-03T15:45:39.000Z,3d5b1163-71d3-44f9-aeb7-e9c43922e460,51.528633,-3.208978,6,5708634,485503,30U,https://five.epicollect.net/api/media/igr?type=photo&format=entry_original&name=3d5b1163-71d3-44f9-aeb7-e9c43922e460_1614784865.jpg,B4
0407dc9d-d7f6-4f79-a3e9-8e2bd92a6cc8,2021-03-03T15:20:51.494Z,2021-03-03T15:45:38.000Z,0407dc9d-d7f6-4f79-a3e9-8e2bd92a6cc8,51.528636,-3.208982,6,5708634,485503,30U,https://five.epicollect.net/api/media/igr?type=photo&format=entry_original&name=0407dc9d-d7f6-4f79-a3e9-8e2bd92a6cc8_1614784844.jpg,B4
4e3bf402-3400-47c2-83a5-cf870cb4f1b4,2021-03-03T15:20:32.784Z,2021-03-03T15:45:36.000Z,4e3bf402-3400-47c2-83a5-cf870cb4f1b4,51.528639,-3.209042,6,5708634,485498,30U,https://five.epicollect.net/api/media/igr?type=photo&format=entry_original&name=4e3bf402-3400-47c2-83a5-cf870cb4f1b4_1614784827.jpg,B4
10527e1f-44d3-4eee-85ae-3f4ce791c7fb,2021-03-03T15:20:12.020Z,2021-03-03T15:45:34.000Z,10527e1f-44d3-4eee-85ae-3f4ce791c7fb,51.528629,-3.209099,6,5708633,485494,30U,https://five.epicollect.net/api/media/igr?type=photo&format=entry_original&name=10527e1f-44d3-4eee-85ae-3f4ce791c7fb_1614784805.jpg,B4
d71b8014-e2a0-4017-b422-c863035bb9d6,2021-03-03T15:19:48.897Z,2021-03-03T15:45:32.000Z,d71b8014-e2a0-4017-b422-c863035bb9d6,51.528575,-3.209556,6,5708627,485463,30U,https://five.epicollect.net/api/media/igr?type=photo&format=entry_original&name=d71b8014-e2a0-4017-b422-c863035bb9d6_1614784781.jpg,B4
420dbaf1-7a65-4cfc-8a24-391812be421a,2021-03-03T15:19:24.062Z,2021-03-03T15:45:31.000Z,420dbaf1-7a65-4cfc-8a24-391812be421a,51.528594,-3.209569,4,5708630,485462,30U,https://five.epicollect.net/api/media/igr?type=photo&format=entry_original&name=420dbaf1-7a65-4cfc-8a24-391812be421a_1614784757.jpg,B4
1555ea8f-e492-4b9a-8e5a-dc46f69cfdd8,2021-03-03T15:19:05.014Z,2021-03-03T15:45:29.000Z,1555ea8f-e492-4b9a-8e5a-dc46f69cfdd8,51.528628,-3.209516,4,5708633,485466,30U,https://five.epicollect.net/api/media/igr?type=photo&format=entry_original&name=1555ea8f-e492-4b9a-8e5a-dc46f69cfdd8_1614784735.jpg,B4
fdd11eef-df71-469d-a33a-8a6108689ca9,2021-03-03T15:18:34.803Z,2021-03-03T15:45:27.000Z,fdd11eef-df71-469d-a33a-8a6108689ca9,51.528653,-3.209561,4,5708636,485462,30U,https://five.epicollect.net/api/media/igr?type=photo&format=entry_original&name=fdd11eef-df71-469d-a33a-8a6108689ca9_1614784707.jpg,B4
7384ade4-965a-4546-8fd6-0b962dd1e36a,2021-03-03T15:18:14.393Z,2021-03-03T15:45:25.000Z,7384ade4-965a-4546-8fd6-0b962dd1e36a,51.528662,-3.209513,4,5708637,485466,30U,https://five.epicollect.net/api/media/igr?type=photo&format=entry_original&name=7384ade4-965a-4546-8fd6-0b962dd1e36a_1614784687.jpg,B4
8bdf16d4-bd73-44e0-b458-bdb24d8ad8e4,2021-03-03T15:17:53.963Z,2021-03-03T15:45:24.000Z,8bdf16d4-bd73-44e0-b458-bdb24d8ad8e4,51.528688,-3.209517,4,5708640,485465,30U,https://five.epicollect.net/api/media/igr?type=photo&format=entry_original&name=8bdf16d4-bd73-44e0-b458-bdb24d8ad8e4_1614784665.jpg,B4
8f9a5193-5caa-4e7c-9ba1-062463b7d9ee,2021-03-03T15:17:31.804Z,2021-03-03T15:45:22.000Z,8f9a5193-5caa-4e7c-9ba1-062463b7d9ee,51.52871,-3.209548,6,5708642,485463,30U,https://five.epicollect.net/api/media/igr?type=photo&format=entry_original&name=8f9a5193-5caa-4e7c-9ba1-062463b7d9ee_1614784644.jpg,B4
ad45fbef-2d7a-48d6-b4e5-62659d53336f,2021-03-03T15:11:00.282Z,2021-03-03T15:45:20.000Z,ad45fbef-2d7a-48d6-b4e5-62659d53336f,51.524813,-3.209538,24,5708209,485463,30U,https://five.epicollect.net/api/media/igr?type=photo&format=entry_original&name=ad45fbef-2d7a-48d6-b4e5-62659d53336f_1614784249.jpg,B4
33daa1ff-475b-4f15-8dbd-05d0aa8ecd52,2021-03-03T15:02:03.495Z,2021-03-03T16:40:51.000Z,33daa1ff-475b-4f15-8dbd-05d0aa8ecd52,54.764049,-1.593482,5,6069442,590497,30U,https://five.epicollect.net/api/media/igr?type=photo&format=entry_original&name=33daa1ff-475b-4f15-8dbd-05d0aa8ecd52_1614783715.jpg,A10
02dc7868-25d4-43a7-ab38-3310b13bdd22,2021-03-03T14:58:13.228Z,2021-03-03T15:45:18.000Z,02dc7868-25d4-43a7-ab38-3310b13bdd22,51.522361,-3.218342,32,5707938,484851,30U,https://five.epicollect.net/api/media/igr?type=photo&format=entry_original&name=02dc7868-25d4-43a7-ab38-3310b13bdd22_1614783483.jpg,B4
4166fb2d-c64c-44d1-bd73-c0e33b45db9e,2021-03-03T14:57:40.595Z,2021-03-03T16:40:49.000Z,4166fb2d-c64c-44d1-bd73-c0e33b45db9e,54.763442,-1.581626,10,6069390,591261,30U,https://five.epicollect.net/api/media/igr?type=photo&format=entry_original&name=4166fb2d-c64c-44d1-bd73-c0e33b45db9e_1614783453.jpg,A10
b050bef0-a1e0-41bc-a1ef-7cc0685f0d80,2021-03-03T14:55:05.351Z,2021-03-03T15:45:17.000Z,b050bef0-a1e0-41bc-a1ef-7cc0685f0d80,51.523038,-3.215547,65,5708013,485045,30U,https://five.epicollect.net/api/media/igr?type=photo&format=entry_original&name=b050bef0-a1e0-41bc-a1ef-7cc0685f0d80_1614783297.jpg,B4
4d010c05-b93e-4afa-aedd-9ba476e3b275,2021-03-03T14:52:55.078Z,2021-03-03T15:45:15.000Z,4d010c05-b93e-4afa-aedd-9ba476e3b275,51.52356,-3.21586,6,5708071,485024,30U,https://five.epicollect.net/api/media/igr?type=photo&format=entry_original&name=4d010c05-b93e-4afa-aedd-9ba476e3b275_1614783165.jpg,B4
93624557-cc4b-48f3-be2f-1d7c07bf65f8,2021-03-03T14:51:34.799Z,2021-03-03T15:45:13.000Z,93624557-cc4b-48f3-be2f-1d7c07bf65f8,51.523587,-3.215845,12,5708074,485025,30U,https://five.epicollect.net/api/media/igr?type=photo&format=entry_original&name=93624557-cc4b-48f3-be2f-1d7c07bf65f8_1614783086.jpg,B4
4bbe6081-6804-4d09-b6d6-1f65535af09a,2021-03-03T14:51:09.345Z,2021-03-03T15:45:12.000Z,4bbe6081-6804-4d09-b6d6-1f65535af09a,51.523709,-3.215742,96,5708087,485032,30U,https://five.epicollect.net/api/media/igr?type=photo&format=entry_original&name=4bbe6081-6804-4d09-b6d6-1f65535af09a_1614783058.jpg,B4
2eca8221-595c-413f-8986-c39673e14002,2021-03-03T14:50:37.503Z,2021-03-03T15:45:10.000Z,2eca8221-595c-413f-8986-c39673e14002,51.523787,-3.215788,13,5708096,485029,30U,https://five.epicollect.net/api/media/igr?type=photo&format=entry_original&name=2eca8221-595c-413f-8986-c39673e14002_1614783020.jpg,B4
73f8ea6d-3b9e-4aba-8bd9-3b5654c548e1,2021-03-03T13:42:47.637Z,2021-03-03T14:37:14.000Z,73f8ea6d-3b9e-4aba-8bd9-3b5654c548e1,53.441268,-2.068259,65,5921764,561889,30U,https://five.epicollect.net/api/media/igr?type=photo&format=entry_original&name=73f8ea6d-3b9e-4aba-8bd9-3b5654c548e1_1614778960.jpg,A4
9a941cc4-b185-46e1-8d8c-26ce74660c87,2021-03-03T13:41:04.688Z,2021-03-03T13:43:38.000Z,9a941cc4-b185-46e1-8d8c-26ce74660c87,54.566898,-1.225578,65,6048045,614720,30U,https://five.epicollect.net/api/media/igr?type=photo&format=entry_original&name=9a941cc4-b185-46e1-8d8c-26ce74660c87_1614778846.jpg,A4
eb608d61-7799-4c4b-87aa-44441ad5c3d5,2021-03-03T13:40:37.521Z,2021-03-03T14:37:12.000Z,eb608d61-7799-4c4b-87aa-44441ad5c3d5,53.442706,-2.068832,65,5921923,561849,30U,https://five.epicollect.net/api/media/igr?type=photo&format=entry_original&name=eb608d61-7799-4c4b-87aa-44441ad5c3d5_1614778829.jpg,A4
322a96ea-a42d-4019-bef4-e214e51b45dd,2021-03-03T13:39:49.401Z,2021-03-03T13:43:36.000Z,322a96ea-a42d-4019-bef4-e214e51b45dd,54.567193,-1.224806,24,6048079,614769,30U,https://five.epicollect.net/api/media/igr?type=photo&format=entry_original&name=322a96ea-a42d-4019-bef4-e214e51b45dd_1614778759.jpg,A4
de7dc707-89bd-4875-a726-c8780bdb7a0f,2021-03-03T13:39:27.226Z,2021-03-03T14:37:10.000Z,de7dc707-89bd-4875-a726-c8780bdb7a0f,53.443007,-2.068878,65,5921956,561845,30U,https://five.epicollect.net/api/media/igr?type=photo&format=entry_original&name=de7dc707-89bd-4875-a726-c8780bdb7a0f_1614778759.jpg,A4
b8886b0e-f610-4b4c-873b-89401ef74329,2021-03-03T13:38:40.069Z,2021-03-03T14:37:08.000Z,b8886b0e-f610-4b4c-873b-89401ef74329,53.443466,-2.069215,65,5922007,561822,30U,https://five.epicollect.net/api/media/igr?type=photo&format=entry_original&name=b8886b0e-f610-4b4c-873b-89401ef74329_1614778706.jpg,A4
daf01d19-729c-4ebe-93c1-1f73159b3014,2021-03-03T13:37:52.077Z,2021-03-03T13:43:34.000Z,daf01d19-729c-4ebe-93c1-1f73159b3014,54.566929,-1.224722,65,6048050,614775,30U,https://five.epicollect.net/api/media/igr?type=photo&format=entry_original&name=daf01d19-729c-4ebe-93c1-1f73159b3014_1614778642.jpg,A4
4ead5574-4e5a-4639-8633-971154218e23,2021-03-03T13:37:46.283Z,2021-03-03T14:37:06.000Z,4ead5574-4e5a-4639-8633-971154218e23,53.444057,-2.069418,65,5922073,561808,30U,https://five.epicollect.net/api/media/igr?type=photo&format=entry_original&name=4ead5574-4e5a-4639-8633-971154218e23_1614778654.jpg,A4
fd79c3ee-fc7c-46ea-bd90-4191c607d70a,2021-03-03T13:36:26.713Z,2021-03-03T13:43:32.000Z,fd79c3ee-fc7c-46ea-bd90-4191c607d70a,54.567019,-1.225668,24,6048058,614714,30U,https://five.epicollect.net/api/media/igr?type=photo&format=entry_original&name=fd79c3ee-fc7c-46ea-bd90-4191c607d70a_1614778570.jpg,A4
17841a6f-4e8f-4ef8-9ab2-f70e6d05f1c4,2021-03-03T13:33:57.072Z,2021-03-03T14:37:04.000Z,17841a6f-4e8f-4ef8-9ab2-f70e6d05f1c4,53.445904,-2.071886,6,5922276,561641,30U,https://five.epicollect.net/api/media/igr?type=photo&format=entry_original&name=17841a6f-4e8f-4ef8-9ab2-f70e6d05f1c4_1614778425.jpg,A4
79a5db76-0285-4d07-bb07-a114011db274,2021-03-03T13:33:32.740Z,2021-03-03T14:37:02.000Z,79a5db76-0285-4d07-bb07-a114011db274,53.446006,-2.071433,65,5922288,561671,30U,https://five.epicollect.net/api/media/igr?type=photo&format=entry_original&name=79a5db76-0285-4d07-bb07-a114011db274_1614778401.jpg,A4
42d8e8b1-baee-426e-a756-632c1fefe8ea,2021-03-03T13:31:23.199Z,2021-03-03T14:37:00.000Z,42d8e8b1-baee-426e-a756-632c1fefe8ea,53.445705,-2.073258,6,5922253,561550,30U,https://five.epicollect.net/api/media/igr?type=photo&format=entry_original&name=42d8e8b1-baee-426e-a756-632c1fefe8ea_1614778270.jpg,A4
21097458-3a4e-4baa-8f46-7cfd71fd5af2,2021-03-03T13:30:53.962Z,2021-03-03T14:36:58.000Z,21097458-3a4e-4baa-8f46-7cfd71fd5af2,53.445627,-2.07329,12,5922244,561548,30U,https://five.epicollect.net/api/media/igr?type=photo&format=entry_original&name=21097458-3a4e-4baa-8f46-7cfd71fd5af2_1614778247.jpg,A4
ec9760a5-c2cf-47b5-8d0c-767fcdb283bf,2021-03-03T13:30:33.306Z,2021-03-03T14:36:56.000Z,ec9760a5-c2cf-47b5-8d0c-767fcdb283bf,53.445184,-2.073491,65,5922195,561536,30U,https://five.epicollect.net/api/media/igr?type=photo&format=entry_original&name=ec9760a5-c2cf-47b5-8d0c-767fcdb283bf_1614778195.jpg,A4
d5a9949f-f8ca-4344-8814-8453418a7760,2021-03-03T13:22:02.018Z,2021-03-05T10:13:51.000Z,d5a9949f-f8ca-4344-8814-8453418a7760,49.189355,-2.100733,7,5448895,565524,30U,https://five.epicollect.net/api/media/igr?type=photo&format=entry_original&name=d5a9949f-f8ca-4344-8814-8453418a7760_1614777714.jpg,A10
0beadc0b-4a56-441d-9aad-bb45c4df3d2c,2021-03-03T13:21:24.508Z,2021-03-05T10:13:49.000Z,0beadc0b-4a56-441d-9aad-bb45c4df3d2c,49.187827,-2.100884,17,5448725,565515,30U,https://five.epicollect.net/api/media/igr?type=photo&format=entry_original&name=0beadc0b-4a56-441d-9aad-bb45c4df3d2c_1614777554.jpg,A10
10dcb2e5-9b2a-4a72-8260-146d6a3b97ec,2021-03-03T13:15:11.833Z,2021-03-05T10:13:47.000Z,10dcb2e5-9b2a-4a72-8260-146d6a3b97ec,49.185538,-2.101194,23,5448470,565496,30U,https://five.epicollect.net/api/media/igr?type=photo&format=entry_original&name=10dcb2e5-9b2a-4a72-8260-146d6a3b97ec_1614777296.jpg,A10
c717ff80-310c-4542-8332-ea8682f530dd,2021-03-03T13:08:30.771Z,2021-03-05T10:57:14.000Z,c717ff80-310c-4542-8332-ea8682f530dd,54.773746,-1.574779,5,6070546,591678,30U,https://five.epicollect.net/api/media/igr?type=photo&format=entry_original&name=c717ff80-310c-4542-8332-ea8682f530dd_1614776885.jpg,B9
6da6a97c-a74e-4c75-b3ab-cf06ab85b084,2021-03-03T13:05:50.863Z,2021-03-05T10:57:12.000Z,6da6a97c-a74e-4c75-b3ab-cf06ab85b084,54.775407,-1.574672,65,6070731,591681,30U,https://five.epicollect.net/api/media/igr?type=photo&format=entry_original&name=6da6a97c-a74e-4c75-b3ab-cf06ab85b084_1614776739.jpg,B9
ba47c42c-35f3-4a1d-972e-9afb832354cc,2021-03-03T13:03:05.495Z,2021-03-03T14:00:45.000Z,ba47c42c-35f3-4a1d-972e-9afb832354cc,51.032226,-0.368529,10,5656703,684507,30U,https://five.epicollect.net/api/media/igr?type=photo&format=entry_original&name=ba47c42c-35f3-4a1d-972e-9afb832354cc_1614776578.jpg,A4
714a0dcc-8aa8-4d44-8bed-fac354715221,2021-03-03T12:57:20.464Z,2021-03-03T14:00:43.000Z,714a0dcc-8aa8-4d44-8bed-fac354715221,51.030762,-0.371017,8,5656534,684339,30U,https://five.epicollect.net/api/media/igr?type=photo&format=entry_original&name=714a0dcc-8aa8-4d44-8bed-fac354715221_1614776228.jpg,A4
d7a76d71-000d-46ff-ab4a-cd3d0322eb16,2021-03-03T12:55:04.294Z,2021-03-05T10:13:45.000Z,d7a76d71-000d-46ff-ab4a-cd3d0322eb16,49.183352,-2.107836,23,5448221,565014,30U,https://five.epicollect.net/api/media/igr?type=photo&format=entry_original&name=d7a76d71-000d-46ff-ab4a-cd3d0322eb16_1614776074.jpg,A10
76bff56e-6215-482f-b765-cce5096bed3e,2021-03-03T12:54:52.660Z,2021-03-03T14:00:41.000Z,76bff56e-6215-482f-b765-cce5096bed3e,51.029567,-0.37237,10,5656398,684249,30U,https://five.epicollect.net/api/media/igr?type=photo&format=entry_original&name=76bff56e-6215-482f-b765-cce5096bed3e_1614776083.jpg,A4
7c082447-92e0-42ce-9463-ecc8d1bc89a6,2021-03-03T12:51:49.682Z,2021-03-03T14:00:40.000Z,7c082447-92e0-42ce-9463-ecc8d1bc89a6,51.02815,-0.374266,11,5656236,684121,30U,https://five.epicollect.net/api/media/igr?type=photo&format=entry_original&name=7c082447-92e0-42ce-9463-ecc8d1bc89a6_1614775901.jpg,A4
e59ddca0-c9ca-4347-82fe-216041fc4eed,2021-03-03T12:51:03.921Z,2021-03-03T14:00:38.000Z,e59ddca0-c9ca-4347-82fe-216041fc4eed,51.027701,-0.37679,98,5656180,683946,30U,https://five.epicollect.net/api/media/igr?type=photo&format=entry_original&name=e59ddca0-c9ca-4347-82fe-216041fc4eed_1614775845.jpg,A4
21f8a181-4e71-4b82-b6b7-aacd73f81655,2021-03-03T12:09:47.914Z,2021-03-03T12:10:22.000Z,21f8a181-4e71-4b82-b6b7-aacd73f81655,54.946165,-1.543113,11,6089772,593316,30U,https://five.epicollect.net/api/media/igr?type=photo&format=entry_original&name=21f8a181-4e71-4b82-b6b7-aacd73f81655_1614773379.jpg,A4
7f1e3a44-c1ad-47f2-b5e4-15643fd94dfc,2021-03-03T11:38:55.078Z,2021-03-03T11:39:09.000Z,7f1e3a44-c1ad-47f2-b5e4-15643fd94dfc,51.253019,0.188597,48,5681717,303816,31U,https://five.epicollect.net/api/media/igr?type=photo&format=entry_original&name=7f1e3a44-c1ad-47f2-b5e4-15643fd94dfc_1614771529.jpg,B8
9d57c117-da16-4605-88e6-1e2e2fbf546a,2021-03-03T11:34:54.865Z,2021-03-03T11:39:07.000Z,9d57c117-da16-4605-88e6-1e2e2fbf546a,51.252577,0.190886,64,5681662,303974,31U,https://five.epicollect.net/api/media/igr?type=photo&format=entry_original&name=9d57c117-da16-4605-88e6-1e2e2fbf546a_1614771283.jpg,B8
6d4df0f4-68a8-4618-be4d-2a76aba3a898,2021-03-03T11:30:36.940Z,2021-03-03T11:39:05.000Z,6d4df0f4-68a8-4618-be4d-2a76aba3a898,51.255384,0.192839,48,5681969,304122,31U,https://five.epicollect.net/api/media/igr?type=photo&format=entry_original&name=6d4df0f4-68a8-4618-be4d-2a76aba3a898_1614771030.jpg,B8
53206ef2-7942-480c-8fda-1a8081c1691f,2021-03-03T11:26:11.132Z,2021-03-03T11:39:03.000Z,53206ef2-7942-480c-8fda-1a8081c1691f,51.258259,0.192514,24,5682289,304112,31U,https://five.epicollect.net/api/media/igr?type=photo&format=entry_original&name=53206ef2-7942-480c-8fda-1a8081c1691f_1614770764.jpg,B8
191e212f-41f2-40f7-8221-5c3df0572941,2021-03-03T11:24:18.444Z,2021-03-03T11:53:39.000Z,191e212f-41f2-40f7-8221-5c3df0572941,51.257709,0.191496,6,5682231,304039,31U,https://five.epicollect.net/api/media/igr?type=photo&format=entry_original&name=191e212f-41f2-40f7-8221-5c3df0572941_1614770649.jpg,B8
2116d571-0ffe-44da-9e76-7980a8c1c9ef,2021-03-02T17:05:10.899Z,2021-03-02T17:05:13.000Z,2116d571-0ffe-44da-9e76-7980a8c1c9ef,52.013947,-2.055107,65,5763010,564846,30U,https://five.epicollect.net/api/media/igr?type=photo&format=entry_original&name=2116d571-0ffe-44da-9e76-7980a8c1c9ef_1614704701.jpg,A4
b5565966-e4ab-4e61-a3c9-f54bbd71c919,2021-03-02T16:55:15.619Z,2021-03-02T17:04:34.000Z,b5565966-e4ab-4e61-a3c9-f54bbd71c919,52.017663,-2.039152,24,5763438,565936,30U,https://five.epicollect.net/api/media/igr?type=photo&format=entry_original&name=b5565966-e4ab-4e61-a3c9-f54bbd71c919_1614704103.jpg,A4
01a4fdfc-54aa-4b29-923f-69515cd39d2a,2021-03-02T16:08:07.607Z,2021-03-02T16:21:28.000Z,01a4fdfc-54aa-4b29-923f-69515cd39d2a,54.77113,-1.581444,30,6070246,591255,30U,,A4
1acc8b72-cfe1-4667-bcf6-baf322b72068,2021-03-02T16:01:06.590Z,2021-03-02T16:21:27.000Z,1acc8b72-cfe1-4667-bcf6-baf322b72068,54.776029,-1.57931,7,6070794,591381,30U,,A4
af34574c-e856-42b4-901a-cf6234db6153,2021-03-02T15:38:24.534Z,2021-03-02T16:21:25.000Z,af34574c-e856-42b4-901a-cf6234db6153,54.775071,-1.572146,11,6070696,591844,30U,,A4
669fcdea-3f2f-46f6-86aa-7c8988279c42,2021-03-02T15:31:38.097Z,2021-03-02T16:21:23.000Z,669fcdea-3f2f-46f6-86aa-7c8988279c42,54.76996,-1.572629,9,6070127,591825,30U,,A4
27eb723f-927d-427b-b59c-27800377ae81,2021-03-02T15:27:28.479Z,2021-03-02T16:21:22.000Z,27eb723f-927d-427b-b59c-27800377ae81,54.7678,-1.57502,12,6069884,591676,30U,,A4
f5c81bd7-cc98-4401-a76b-784a6f94d9ef,2021-03-02T15:24:42.974Z,2021-03-02T16:21:20.000Z,f5c81bd7-cc98-4401-a76b-784a6f94d9ef,54.766295,-1.576071,93,6069715,591612,30U,,A4
43f76230-592d-43ad-b49d-26186ee53723,2021-03-02T15:06:41.179Z,2021-03-02T15:06:45.000Z,43f76230-592d-43ad-b49d-26186ee53723,54.763499,-1.580339,65,6069398,591343,30U,,A4
8cb525fd-ca97-4e39-9187-6a6cb6593d75,2021-03-02T12:45:22.388Z,2021-03-02T12:50:09.000Z,8cb525fd-ca97-4e39-9187-6a6cb6593d75,,,,,,,https://five.epicollect.net/api/media/igr?type=photo&format=entry_original&name=8cb525fd-ca97-4e39-9187-6a6cb6593d75_1614689118.jpg,
3fffc530-6871-4a92-8572-3b5f7ad51aa9,2021-03-02T12:44:22.941Z,2021-03-02T12:50:07.000Z,3fffc530-6871-4a92-8572-3b5f7ad51aa9,,,,,,,https://five.epicollect.net/api/media/igr?type=photo&format=entry_original&name=3fffc530-6871-4a92-8572-3b5f7ad51aa9_1614689057.jpg,
a409b044-4248-4f2d-bdeb-a876f5368460,2021-03-02T12:43:59.541Z,2021-03-02T12:50:06.000Z,a409b044-4248-4f2d-bdeb-a876f5368460,,,,,,,https://five.epicollect.net/api/media/igr?type=photo&format=entry_original&name=a409b044-4248-4f2d-bdeb-a876f5368460_1614689026.jpg,
41cf579c-01e9-489b-bf32-ec38d5c5a374,2021-03-01T18:04:10.841Z,2021-03-03T13:45:59.000Z,41cf579c-01e9-489b-bf32-ec38d5c5a374,53.502286,-2.366843,8,5928334,541996,30U,https://five.epicollect.net/api/media/igr?type=photo&format=entry_original&name=41cf579c-01e9-489b-bf32-ec38d5c5a374_1614621831.jpg,B1
8e3370c0-f7e9-498e-95ec-7c8e035335f6,2021-03-01T18:03:39.638Z,2021-03-03T13:46:01.000Z,8e3370c0-f7e9-498e-95ec-7c8e035335f6,53.502448,-2.367092,30,5928352,541979,30U,https://five.epicollect.net/api/media/igr?type=photo&format=entry_original&name=8e3370c0-f7e9-498e-95ec-7c8e035335f6_1614621812.jpg,B1
849aa487-af97-4bc8-9247-94c475e4f4a6,2021-03-01T17:22:30.819Z,2021-03-03T13:46:03.000Z,849aa487-af97-4bc8-9247-94c475e4f4a6,53.501888,-2.365248,32,5928291,542102,30U,https://five.epicollect.net/api/media/igr?type=photo&format=entry_original&name=849aa487-af97-4bc8-9247-94c475e4f4a6_1614619341.jpg,B1
1f17f668-f434-4343-8a58-44a042b8d820,2021-03-01T17:20:32.310Z,2021-03-03T13:46:04.000Z,1f17f668-f434-4343-8a58-44a042b8d820,53.501201,-2.364626,5,5928215,542144,30U,https://five.epicollect.net/api/media/igr?type=photo&format=entry_original&name=1f17f668-f434-4343-8a58-44a042b8d820_1614619222.jpg,B1
9f007f5b-7d88-41b8-b966-17247badd52c,2021-03-01T17:20:07.989Z,2021-03-03T13:46:06.000Z,9f007f5b-7d88-41b8-b966-17247badd52c,53.501045,-2.364643,9,5928197,542143,30U,https://five.epicollect.net/api/media/igr?type=photo&format=entry_original&name=9f007f5b-7d88-41b8-b966-17247badd52c_1614619201.jpg,B1
ace0091d-3114-40bc-a1b5-3e3328d467ab,2021-03-01T17:19:04.498Z,2021-03-03T13:46:08.000Z,ace0091d-3114-40bc-a1b5-3e3328d467ab,53.50153,-2.363566,7,5928252,542214,30U,https://five.epicollect.net/api/media/igr?type=photo&format=entry_original&name=ace0091d-3114-40bc-a1b5-3e3328d467ab_1614619127.jpg,B1
983207ea-0477-4d98-9d8b-c03a0d388eab,2021-02-24T22:03:15.413Z,2021-02-24T22:06:04.000Z,983207ea-0477-4d98-9d8b-c03a0d388eab,42.947158,-78.840935,65,4757208,676135,17T,https://five.epicollect.net/api/media/igr?type=photo&format=entry_original&name=983207ea-0477-4d98-9d8b-c03a0d388eab_1614204184.jpg,Test
